employee_id,country,date,emails_sent,emails_after_hours,avg_reply_minutes,meetings_count,meetings_minutes,unique_collaborators,weekend_activity_minutes,burnout_label
E001,United States,2026-01-01,25,6,92.7,4,247,3,0,0
E001,United States,2026-01-02,26,8,155.1,5,180,5,0,0
E001,United States,2026-01-03,16,5,133.0,2,219,2,19,0
E001,United States,2026-01-04,13,4,127.1,6,222,4,62,0
E001,United States,2026-01-05,13,4,135.6,5,298,2,0,0
E001,United States,2026-01-06,22,4,164.7,6,274,4,0,0
E001,United States,2026-01-07,13,3,120.5,5,173,3,0,0
E001,United States,2026-01-08,18,5,90.6,3,166,5,0,0
E001,United States,2026-01-09,21,5,105.5,5,224,7,0,0
E001,United States,2026-01-10,13,4,93.5,3,121,5,40,0
E001,United States,2026-01-11,12,5,134.5,4,294,10,39,1
E001,United States,2026-01-12,16,5,95.5,5,207,8,0,0
E001,United States,2026-01-13,24,8,157.9,6,254,5,0,0
E001,United States,2026-01-14,14,3,110.6,4,231,4,0,0
E001,United States,2026-01-15,22,8,115.8,5,231,4,0,0
E001,United States,2026-01-16,20,6,113.1,4,263,5,0,0
E001,United States,2026-01-17,13,6,137.5,4,259,6,17,0
E001,United States,2026-01-18,13,5,157.6,6,235,3,18,0
E001,United States,2026-01-19,16,4,141.5,5,239,1,0,0
E001,United States,2026-01-20,22,6,102.4,4,225,3,0,0
E001,United States,2026-01-21,20,6,130.2,4,218,6,0,0
E001,United States,2026-01-22,17,6,148.7,7,321,2,0,1
E001,United States,2026-01-23,20,7,127.4,6,282,8,0,0
E001,United States,2026-01-24,11,3,84.6,5,233,5,19,0
E001,United States,2026-01-25,12,5,161.3,4,237,2,23,0
E001,United States,2026-01-26,13,4,140.5,9,331,5,0,0
E001,United States,2026-01-27,18,6,98.3,2,224,4,0,0
E001,United States,2026-01-28,15,5,107.0,7,247,2,0,0
E001,United States,2026-01-29,21,5,133.9,8,278,2,0,0
E001,United States,2026-01-30,18,4,101.2,7,275,5,0,0
E001,United States,2026-01-31,17,7,153.9,6,296,0,124,1
E001,United States,2026-02-01,19,8,127.7,5,228,3,26,0
E001,United States,2026-02-02,24,8,107.3,6,266,6,0,0
E001,United States,2026-02-03,16,3,121.9,5,177,4,0,0
E001,United States,2026-02-04,27,8,105.0,5,215,4,0,0
E002,Singapore,2026-01-01,18,5,54.2,2,183,8,0,0
E002,Singapore,2026-01-02,11,3,69.8,4,197,6,0,0
E002,Singapore,2026-01-03,8,2,56.6,3,129,7,5,0
E002,Singapore,2026-01-04,8,2,53.7,3,55,5,26,0
E002,Singapore,2026-01-05,20,5,85.9,2,138,5,0,0
E002,Singapore,2026-01-06,9,3,86.5,3,165,8,0,0
E002,Singapore,2026-01-07,22,5,84.7,6,184,5,0,0
E002,Singapore,2026-01-08,12,2,84.9,2,90,5,0,0
E002,Singapore,2026-01-09,22,5,97.9,1,155,5,0,0
E002,Singapore,2026-01-10,8,2,44.9,1,166,6,18,0
E002,Singapore,2026-01-11,10,3,67.1,6,212,7,115,0
E002,Singapore,2026-01-12,19,5,105.8,3,190,9,0,0
E002,Singapore,2026-01-13,9,1,32.5,4,160,2,0,0
E002,Singapore,2026-01-14,15,1,47.1,5,178,6,0,0
E002,Singapore,2026-01-15,17,4,91.4,2,168,4,0,0
E002,Singapore,2026-01-16,21,3,78.3,1,110,4,0,0
E002,Singapore,2026-01-17,6,2,74.4,5,121,7,25,0
E002,Singapore,2026-01-18,10,3,115.2,1,135,5,44,0
E002,Singapore,2026-01-19,17,3,63.9,1,220,6,0,0
E002,Singapore,2026-01-20,14,4,78.4,2,131,8,0,0
E002,Singapore,2026-01-21,17,5,74.4,6,258,5,0,0
E002,Singapore,2026-01-22,13,2,68.0,2,77,5,0,0
E002,Singapore,2026-01-23,11,2,57.4,2,141,1,0,0
E002,Singapore,2026-01-24,7,3,119.5,4,195,8,12,0
E002,Singapore,2026-01-25,7,2,50.1,2,78,2,26,0
E002,Singapore,2026-01-26,5,1,81.3,3,109,4,0,0
E002,Singapore,2026-01-27,21,8,111.2,5,224,6,0,0
E002,Singapore,2026-01-28,20,5,86.1,2,151,1,0,0
E002,Singapore,2026-01-29,22,2,66.9,5,160,8,0,0
E002,Singapore,2026-01-30,14,3,81.6,3,131,4,0,0
E002,Singapore,2026-01-31,13,5,87.4,2,136,8,29,0
E002,Singapore,2026-02-01,6,2,61.2,2,119,7,62,0
E002,Singapore,2026-02-02,19,3,61.6,3,192,8,0,0
E002,Singapore,2026-02-03,20,4,66.9,3,126,6,0,0
E002,Singapore,2026-02-04,17,4,80.7,7,186,10,0,0
E003,Canada,2026-01-01,18,1,65.7,6,201,7,0,0
E003,Canada,2026-01-02,21,2,78.0,5,250,4,0,0
E003,Canada,2026-01-03,11,3,125.5,4,238,4,22,0
E003,Canada,2026-01-04,9,3,63.2,3,239,6,23,0
E003,Canada,2026-01-05,18,3,115.2,6,293,6,0,0
E003,Canada,2026-01-06,21,0,111.7,3,190,10,0,0
E003,Canada,2026-01-07,18,2,86.9,2,176,11,0,0
E003,Canada,2026-01-08,19,2,105.7,5,284,9,0,0
E003,Canada,2026-01-09,24,5,93.0,2,189,7,0,0
E003,Canada,2026-01-10,11,2,108.0,3,176,5,4,0
E003,Canada,2026-01-11,11,3,110.2,3,167,7,76,0
E003,Canada,2026-01-12,23,4,85.6,3,160,8,0,0
E003,Canada,2026-01-13,12,3,47.5,4,165,9,0,0
E003,Canada,2026-01-14,22,3,65.2,3,252,8,0,0
E003,Canada,2026-01-15,14,2,66.3,3,201,5,0,0
E003,Canada,2026-01-16,18,2,75.9,5,216,9,0,0
E003,Canada,2026-01-17,9,2,65.0,5,196,12,15,0
E003,Canada,2026-01-18,15,4,84.4,5,205,10,30,0
E003,Canada,2026-01-19,24,5,62.2,5,265,8,0,0
E003,Canada,2026-01-20,28,5,107.4,2,174,9,0,0
E003,Canada,2026-01-21,17,2,77.0,4,212,7,0,0
E003,Canada,2026-01-22,18,5,79.9,4,200,8,0,0
E003,Canada,2026-01-23,30,5,117.3,4,190,11,0,0
E003,Canada,2026-01-24,17,5,104.9,7,269,7,6,0
E003,Canada,2026-01-25,7,2,54.0,1,113,7,12,0
E003,Canada,2026-01-26,21,4,93.2,5,232,13,0,0
E003,Canada,2026-01-27,14,3,98.3,3,171,6,0,0
E003,Canada,2026-01-28,22,5,47.1,4,200,12,0,0
E003,Canada,2026-01-29,23,3,113.4,4,177,6,0,0
E003,Canada,2026-01-30,19,2,71.4,2,141,10,0,0
E003,Canada,2026-01-31,18,6,150.5,6,271,7,45,0
E003,Canada,2026-02-01,15,6,117.3,6,262,6,41,1
E003,Canada,2026-02-02,17,3,75.8,5,210,10,0,0
E003,Canada,2026-02-03,22,3,126.4,5,217,8,0,0
E003,Canada,2026-02-04,33,5,91.5,6,273,8,0,0
E004,United States,2026-01-01,26,5,95.6,6,269,7,0,0
E004,United States,2026-01-02,24,4,50.9,3,175,8,0,0
E004,United States,2026-01-03,15,5,116.8,10,427,7,79,0
E004,United States,2026-01-04,15,4,107.1,3,236,9,63,0
E004,United States,2026-01-05,37,11,134.9,7,328,5,0,0
E004,United States,2026-01-06,21,5,91.1,6,288,4,0,0
E004,United States,2026-01-07,37,8,111.0,7,357,12,0,0
E004,United States,2026-01-08,23,4,96.9,7,326,6,0,0
E004,United States,2026-01-09,27,6,83.1,9,336,6,0,0
E004,United States,2026-01-10,10,4,121.6,6,340,6,31,1
E004,United States,2026-01-11,12,5,134.4,10,441,8,106,1
E004,United States,2026-01-12,34,12,104.0,8,304,6,0,1
E004,United States,2026-01-13,19,6,119.6,6,312,14,0,0
E004,United States,2026-01-14,32,8,94.6,7,293,9,0,0
E004,United States,2026-01-15,32,11,75.3,4,267,7,0,0
E004,United States,2026-01-16,35,8,142.9,10,456,10,0,0
E004,United States,2026-01-17,13,5,87.8,8,389,7,107,1
E004,United States,2026-01-18,14,5,144.2,5,335,8,45,1
E004,United States,2026-01-19,21,7,108.1,6,289,8,0,0
E004,United States,2026-01-20,26,5,105.1,8,297,8,0,0
E004,United States,2026-01-21,42,10,126.6,8,392,7,0,0
E004,United States,2026-01-22,34,8,91.4,5,265,7,0,0
E004,United States,2026-01-23,34,11,105.4,8,362,8,0,0
E004,United States,2026-01-24,13,6,94.4,6,324,9,61,1
E004,United States,2026-01-25,15,6,102.0,10,435,5,44,1
E004,United States,2026-01-26,35,7,80.1,8,374,9,0,0
E004,United States,2026-01-27,36,7,116.4,8,412,4,0,0
E004,United States,2026-01-28,25,4,56.0,4,200,7,0,0
E004,United States,2026-01-29,28,8,95.2,4,224,6,0,0
E004,United States,2026-01-30,26,7,146.8,6,387,9,0,0
E004,United States,2026-01-31,22,7,113.7,8,360,5,16,0
E004,United States,2026-02-01,14,4,125.0,7,396,7,74,0
E004,United States,2026-02-02,25,5,115.1,5,294,6,0,0
E004,United States,2026-02-03,31,5,115.2,7,331,10,0,0
E004,United States,2026-02-04,36,7,114.9,6,349,11,0,0
E005,India,2026-01-01,19,5,116.7,6,245,5,0,0
E005,India,2026-01-02,22,6,101.1,3,191,11,0,0
E005,India,2026-01-03,9,3,139.2,5,229,4,26,0
E005,India,2026-01-04,8,3,94.7,3,138,7,52,0
E005,India,2026-01-05,12,2,95.1,5,149,5,0,0
E005,India,2026-01-06,17,5,109.9,4,214,3,0,0
E005,India,2026-01-07,20,7,105.4,3,217,5,0,0
E005,India,2026-01-08,19,8,165.6,6,276,7,0,1
E005,India,2026-01-09,19,5,71.4,1,125,10,0,0
E005,India,2026-01-10,10,4,130.6,5,224,7,40,0
E005,India,2026-01-11,11,4,106.7,4,174,10,35,0
E005,India,2026-01-12,19,6,121.8,2,149,6,0,0
E005,India,2026-01-13,18,4,121.0,3,210,6,0,0
E005,India,2026-01-14,19,7,180.4,6,282,4,0,1
E005,India,2026-01-15,21,6,113.5,3,166,7,0,0
E005,India,2026-01-16,24,6,138.7,2,171,1,0,0
E005,India,2026-01-17,14,5,88.4,4,237,6,8,0
E005,India,2026-01-18,11,4,106.9,5,132,7,19,0
E005,India,2026-01-19,16,3,117.9,1,98,9,0,0
E005,India,2026-01-20,22,9,143.0,5,198,8,0,0
E005,India,2026-01-21,15,4,128.0,6,169,5,0,0
E005,India,2026-01-22,15,5,109.3,1,121,6,0,0
E005,India,2026-01-23,26,11,139.1,3,197,6,0,0
E005,India,2026-01-24,14,7,138.3,6,284,6,73,1
E005,India,2026-01-25,12,4,113.7,3,205,6,53,0
E005,India,2026-01-26,26,7,110.3,5,179,5,0,0
E005,India,2026-01-27,25,7,141.4,6,244,2,0,0
E005,India,2026-01-28,27,9,132.8,5,184,9,0,0
E005,India,2026-01-29,18,7,136.3,7,293,6,0,1
E005,India,2026-01-30,13,5,132.9,2,148,6,0,0
E005,India,2026-01-31,8,2,102.8,3,175,6,42,0
E005,India,2026-02-01,8,3,143.4,1,178,1,138,1
E005,India,2026-02-02,20,4,142.4,3,194,5,0,0
E005,India,2026-02-03,26,11,164.5,8,310,4,0,1
E005,India,2026-02-04,9,2,126.8,4,171,8,0,0
E006,India,2026-01-01,13,3,95.7,1,147,9,0,0
E006,India,2026-01-02,15,1,101.2,3,153,3,0,0
E006,India,2026-01-03,7,2,65.8,3,123,8,23,0
E006,India,2026-01-04,8,3,134.2,2,126,4,15,0
E006,India,2026-01-05,10,2,84.1,3,156,6,0,0
E006,India,2026-01-06,11,2,82.4,4,119,6,0,0
E006,India,2026-01-07,11,2,91.5,2,120,5,0,0
E006,India,2026-01-08,10,3,62.4,2,83,6,0,0
E006,India,2026-01-09,13,3,111.4,2,127,8,0,0
E006,India,2026-01-10,7,4,139.8,4,178,5,11,0
E006,India,2026-01-11,8,3,138.3,4,175,4,23,0
E006,India,2026-01-12,21,5,135.5,2,138,2,0,0
E006,India,2026-01-13,20,4,95.3,3,148,6,0,0
E006,India,2026-01-14,16,3,131.1,4,189,1,0,0
E006,India,2026-01-15,18,4,111.6,4,180,3,0,0
E006,India,2026-01-16,12,2,86.8,3,128,6,0,0
E006,India,2026-01-17,6,2,109.3,2,124,6,28,0
E006,India,2026-01-18,9,3,126.5,4,128,6,32,0
E006,India,2026-01-19,14,4,87.0,0,117,5,0,0
E006,India,2026-01-20,8,2,85.0,2,146,8,0,0
E006,India,2026-01-21,15,3,80.5,3,85,6,0,0
E006,India,2026-01-22,11,2,73.3,5,134,6,0,0
E006,India,2026-01-23,18,6,109.7,3,153,5,0,0
E006,India,2026-01-24,6,2,71.5,1,39,6,32,0
E006,India,2026-01-25,10,3,79.3,4,152,4,37,0
E006,India,2026-01-26,7,1,100.2,2,121,3,0,0
E006,India,2026-01-27,15,3,77.9,5,146,5,0,0
E006,India,2026-01-28,18,6,115.0,4,192,0,0,0
E006,India,2026-01-29,13,4,102.2,5,166,9,0,0
E006,India,2026-01-30,18,4,109.3,1,164,10,0,0
E006,India,2026-01-31,12,4,81.3,4,133,4,6,0
E006,India,2026-02-01,5,2,79.8,0,58,5,64,0
E006,India,2026-02-02,13,2,90.6,3,117,5,0,0
E006,India,2026-02-03,13,1,70.9,4,185,1,0,0
E006,India,2026-02-04,16,3,63.7,2,47,9,0,0
E007,India,2026-01-01,23,7,100.5,5,155,6,0,0
E007,India,2026-01-02,31,12,161.6,8,356,8,0,1
E007,India,2026-01-03,12,7,114.4,3,242,6,3,0
E007,India,2026-01-04,18,9,117.2,8,273,9,24,1
E007,India,2026-01-05,29,12,155.9,4,304,9,0,1
E007,India,2026-01-06,18,5,98.7,5,278,6,0,0
E007,India,2026-01-07,14,2,77.2,6,252,10,0,0
E007,India,2026-01-08,29,11,151.8,7,325,8,0,1
E007,India,2026-01-09,23,6,108.5,4,209,9,0,0
E007,India,2026-01-10,10,4,74.8,3,152,7,38,0
E007,India,2026-01-11,15,7,112.3,6,309,4,58,1
E007,India,2026-01-12,35,9,141.4,9,340,4,0,0
E007,India,2026-01-13,29,8,156.2,5,245,7,0,0
E007,India,2026-01-14,19,5,119.5,5,270,9,0,0
E007,India,2026-01-15,17,7,54.2,4,179,6,0,0
E007,India,2026-01-16,38,13,143.6,8,302,9,0,0
E007,India,2026-01-17,26,15,164.3,10,366,9,32,1
E007,India,2026-01-18,16,6,124.0,6,270,5,67,1
E007,India,2026-01-19,33,8,137.6,6,335,3,0,0
E007,India,2026-01-20,20,5,132.3,5,239,6,0,0
E007,India,2026-01-21,38,11,139.4,7,324,5,0,0
E007,India,2026-01-22,42,10,152.7,5,279,7,0,0
E007,India,2026-01-23,30,9,132.4,4,270,9,0,0
E007,India,2026-01-24,22,12,180.0,5,308,8,58,1
E007,India,2026-01-25,14,6,138.1,4,320,6,54,1
E007,India,2026-01-26,22,6,133.5,4,242,5,0,0
E007,India,2026-01-27,28,9,155.6,5,278,8,0,0
E007,India,2026-01-28,26,8,109.0,8,333,7,0,0
E007,India,2026-01-29,26,2,102.9,6,261,7,0,0
E007,India,2026-01-30,20,4,92.2,5,201,8,0,0
E007,India,2026-01-31,18,6,146.8,8,325,6,123,1
E007,India,2026-02-01,18,8,134.2,6,267,6,40,1
E007,India,2026-02-02,26,5,71.8,2,200,1,0,0
E007,India,2026-02-03,33,15,138.8,5,213,7,0,0
E007,India,2026-02-04,38,15,148.1,6,283,5,0,1
E008,United Kingdom,2026-01-01,17,5,89.4,3,151,1,0,0
E008,United Kingdom,2026-01-02,5,1,75.6,0,118,5,0,0
E008,United Kingdom,2026-01-03,12,3,86.4,1,100,7,44,0
E008,United Kingdom,2026-01-04,8,3,109.7,1,133,4,21,0
E008,United Kingdom,2026-01-05,3,0,36.3,4,72,9,0,0
E008,United Kingdom,2026-01-06,6,2,50.3,4,133,2,0,0
E008,United Kingdom,2026-01-07,16,1,122.8,2,78,5,0,0
E008,United Kingdom,2026-01-08,14,1,94.0,3,189,3,0,0
E008,United Kingdom,2026-01-09,14,3,73.9,3,138,7,0,0
E008,United Kingdom,2026-01-10,7,2,121.7,2,115,4,14,0
E008,United Kingdom,2026-01-11,9,2,61.2,2,55,1,77,0
E008,United Kingdom,2026-01-12,5,1,75.1,3,99,9,0,0
E008,United Kingdom,2026-01-13,13,2,22.0,2,138,6,0,0
E008,United Kingdom,2026-01-14,11,2,63.4,5,172,4,0,0
E008,United Kingdom,2026-01-15,8,1,69.3,2,114,6,0,0
E008,United Kingdom,2026-01-16,10,2,66.1,2,157,6,0,0
E008,United Kingdom,2026-01-17,8,2,88.1,5,195,3,42,0
E008,United Kingdom,2026-01-18,2,1,111.9,1,155,6,28,0
E008,United Kingdom,2026-01-19,14,2,81.2,4,108,6,0,0
E008,United Kingdom,2026-01-20,11,3,103.6,1,129,6,0,0
E008,United Kingdom,2026-01-21,24,6,125.1,2,136,4,0,0
E008,United Kingdom,2026-01-22,17,3,105.1,1,85,6,0,0
E008,United Kingdom,2026-01-23,5,1,99.5,4,165,0,0,0
E008,United Kingdom,2026-01-24,5,1,117.3,2,146,7,46,0
E008,United Kingdom,2026-01-25,6,2,77.7,6,231,3,14,0
E008,United Kingdom,2026-01-26,10,1,85.1,3,97,5,0,0
E008,United Kingdom,2026-01-27,15,3,89.3,1,137,3,0,0
E008,United Kingdom,2026-01-28,5,1,93.1,1,111,1,0,0
E008,United Kingdom,2026-01-29,10,1,60.9,0,117,5,0,0
E008,United Kingdom,2026-01-30,14,4,121.1,2,122,2,0,0
E008,United Kingdom,2026-01-31,6,1,81.0,5,186,7,35,0
E008,United Kingdom,2026-02-01,7,2,117.6,2,145,4,20,0
E008,United Kingdom,2026-02-02,6,1,73.8,1,75,1,0,0
E008,United Kingdom,2026-02-03,11,3,112.3,2,131,6,0,0
E008,United Kingdom,2026-02-04,5,0,64.3,3,132,8,0,0
E009,Canada,2026-01-01,24,4,86.1,4,172,8,0,0
E009,Canada,2026-01-02,21,4,91.8,2,149,6,0,0
E009,Canada,2026-01-03,8,2,111.7,6,291,10,6,0
E009,Canada,2026-01-04,9,2,85.2,5,217,5,27,0
E009,Canada,2026-01-05,18,4,73.7,4,216,7,0,0
E009,Canada,2026-01-06,12,4,77.4,3,228,9,0,0
E009,Canada,2026-01-07,22,3,27.8,2,97,5,0,0
E009,Canada,2026-01-08,17,3,70.6,6,288,4,0,0
E009,Canada,2026-01-09,11,1,96.2,4,158,7,0,0
E009,Canada,2026-01-10,4,1,83.7,5,116,5,61,0
E009,Canada,2026-01-11,11,3,111.6,7,274,9,22,0
E009,Canada,2026-01-12,16,1,64.7,2,155,8,0,0
E009,Canada,2026-01-13,15,5,95.0,3,194,4,0,0
E009,Canada,2026-01-14,17,4,135.3,5,254,7,0,0
E009,Canada,2026-01-15,15,2,80.7,3,221,6,0,0
E009,Canada,2026-01-16,27,4,60.3,5,197,7,0,0
E009,Canada,2026-01-17,11,3,78.9,3,194,6,15,0
E009,Canada,2026-01-18,7,2,61.7,5,112,10,39,0
E009,Canada,2026-01-19,12,2,98.6,6,231,5,0,0
E009,Canada,2026-01-20,24,4,108.1,6,203,9,0,0
E009,Canada,2026-01-21,14,1,60.1,2,165,5,0,0
E009,Canada,2026-01-22,22,4,107.6,1,120,9,0,0
E009,Canada,2026-01-23,18,1,86.6,4,191,4,0,0
E009,Canada,2026-01-24,8,2,70.4,4,162,8,13,0
E009,Canada,2026-01-25,11,3,86.4,3,179,5,29,0
E009,Canada,2026-01-26,25,5,99.3,4,187,3,0,0
E009,Canada,2026-01-27,15,3,90.3,3,221,6,0,0
E009,Canada,2026-01-28,15,3,113.2,6,238,9,0,0
E009,Canada,2026-01-29,28,5,111.1,6,269,10,0,0
E009,Canada,2026-01-30,11,2,36.8,5,211,8,0,0
E009,Canada,2026-01-31,8,3,104.1,2,168,6,61,0
E009,Canada,2026-02-01,8,3,94.9,4,173,9,41,0
E009,Canada,2026-02-02,21,5,84.1,5,251,6,0,0
E009,Canada,2026-02-03,19,4,99.3,6,282,5,0,0
E009,Canada,2026-02-04,10,1,59.2,4,171,8,0,0
E010,Canada,2026-01-01,10,2,78.8,5,213,5,0,0
E010,Canada,2026-01-02,16,3,65.0,1,109,5,0,0
E010,Canada,2026-01-03,5,1,68.5,3,215,9,19,0
E010,Canada,2026-01-04,8,2,90.0,3,158,13,37,0
E010,Canada,2026-01-05,15,0,50.9,1,94,8,0,0
E010,Canada,2026-01-06,25,5,128.0,5,220,4,0,0
E010,Canada,2026-01-07,16,3,71.0,0,58,6,0,0
E010,Canada,2026-01-08,18,2,103.2,4,201,6,0,0
E010,Canada,2026-01-09,27,7,103.2,5,191,4,0,0
E010,Canada,2026-01-10,8,2,95.6,4,212,7,40,0
E010,Canada,2026-01-11,10,3,104.0,5,205,8,8,0
E010,Canada,2026-01-12,26,6,118.1,5,218,6,0,0
E010,Canada,2026-01-13,13,1,58.1,4,184,7,0,0
E010,Canada,2026-01-14,20,2,131.3,3,212,9,0,0
E010,Canada,2026-01-15,12,2,123.7,2,157,7,0,0
E010,Canada,2026-01-16,20,3,117.9,4,215,3,0,0
E010,Canada,2026-01-17,6,1,103.1,2,151,10,15,0
E010,Canada,2026-01-18,9,2,87.7,4,194,10,13,0
E010,Canada,2026-01-19,17,4,100.5,5,168,5,0,0
E010,Canada,2026-01-20,25,1,52.9,5,195,7,0,0
E010,Canada,2026-01-21,13,2,55.1,1,149,7,0,0
E010,Canada,2026-01-22,19,4,106.0,5,275,9,0,0
E010,Canada,2026-01-23,9,1,56.4,3,215,6,0,0
E010,Canada,2026-01-24,12,2,77.5,3,188,7,95,0
E010,Canada,2026-01-25,7,2,62.5,4,132,5,43,0
E010,Canada,2026-01-26,19,4,95.9,5,186,7,0,0
E010,Canada,2026-01-27,15,4,81.0,2,168,3,0,0
E010,Canada,2026-01-28,28,5,84.7,5,203,7,0,0
E010,Canada,2026-01-29,16,3,47.6,3,130,8,0,0
E010,Canada,2026-01-30,19,3,71.1,4,241,7,0,0
E010,Canada,2026-01-31,8,2,82.9,1,145,5,1,0
E010,Canada,2026-02-01,10,3,75.6,1,209,5,29,0
E010,Canada,2026-02-02,11,2,93.9,3,210,6,0,0
E010,Canada,2026-02-03,17,4,48.9,4,185,6,0,0
E010,Canada,2026-02-04,15,2,78.3,6,221,6,0,0
E011,India,2026-01-01,17,4,94.0,5,138,8,0,0
E011,India,2026-01-02,17,4,109.6,3,188,8,0,0
E011,India,2026-01-03,9,3,78.2,1,156,7,26,0
E011,India,2026-01-04,9,3,139.5,3,180,9,7,0
E011,India,2026-01-05,20,3,112.4,5,176,7,0,0
E011,India,2026-01-06,11,2,71.5,1,148,4,0,0
E011,India,2026-01-07,11,2,130.3,5,177,5,0,0
E011,India,2026-01-08,26,6,125.7,1,158,5,0,0
E011,India,2026-01-09,18,5,101.7,3,155,4,0,0
E011,India,2026-01-10,8,3,90.9,3,161,7,13,0
E011,India,2026-01-11,12,3,97.0,0,72,6,14,0
E011,India,2026-01-12,15,2,85.8,3,77,7,0,0
E011,India,2026-01-13,14,3,91.3,2,124,5,0,0
E011,India,2026-01-14,16,2,68.0,2,157,5,0,0
E011,India,2026-01-15,18,3,132.8,3,200,8,0,0
E011,India,2026-01-16,25,4,96.6,8,244,2,0,0
E011,India,2026-01-17,13,5,112.8,2,110,9,10,0
E011,India,2026-01-18,6,2,101.6,3,127,10,57,0
E011,India,2026-01-19,16,4,85.0,0,101,8,0,0
E011,India,2026-01-20,23,6,121.5,1,131,6,0,0
E011,India,2026-01-21,13,2,123.5,0,78,7,0,0
E011,India,2026-01-22,31,8,126.2,3,139,13,0,0
E011,India,2026-01-23,19,3,58.0,3,156,2,0,0
E011,India,2026-01-24,12,3,106.3,4,184,5,68,0
E011,India,2026-01-25,9,3,101.8,3,124,10,14,0
E011,India,2026-01-26,11,2,84.4,5,184,8,0,0
E011,India,2026-01-27,15,3,109.8,1,139,6,0,0
E011,India,2026-01-28,15,2,92.1,4,134,4,0,0
E011,India,2026-01-29,24,7,102.0,4,166,4,0,0
E011,India,2026-01-30,20,8,118.8,3,222,4,0,0
E011,India,2026-01-31,5,2,131.6,5,165,4,4,0
E011,India,2026-02-01,12,3,83.6,5,234,8,34,0
E011,India,2026-02-02,19,6,115.0,3,217,10,0,0
E011,India,2026-02-03,21,5,134.4,2,167,10,0,0
E011,India,2026-02-04,15,3,106.1,4,170,6,0,0
E012,Singapore,2026-01-01,16,4,63.3,2,135,9,0,0
E012,Singapore,2026-01-02,20,4,126.1,5,211,2,0,0
E012,Singapore,2026-01-03,14,7,105.5,5,262,6,24,1
E012,Singapore,2026-01-04,12,5,103.2,5,290,6,7,1
E012,Singapore,2026-01-05,16,4,108.4,4,190,6,0,0
E012,Singapore,2026-01-06,23,4,96.4,5,190,6,0,0
E012,Singapore,2026-01-07,23,6,116.2,5,234,5,0,0
E012,Singapore,2026-01-08,21,6,113.5,7,233,5,0,0
E012,Singapore,2026-01-09,23,6,131.1,7,287,9,0,0
E012,Singapore,2026-01-10,14,6,102.7,6,201,3,71,0
E012,Singapore,2026-01-11,6,2,108.2,4,209,3,42,0
E012,Singapore,2026-01-12,17,1,91.9,4,197,1,0,0
E012,Singapore,2026-01-13,29,6,95.9,4,208,8,0,0
E012,Singapore,2026-01-14,14,5,92.5,7,326,2,0,1
E012,Singapore,2026-01-15,19,7,80.4,5,223,0,0,0
E012,Singapore,2026-01-16,18,6,77.4,5,238,3,0,0
E012,Singapore,2026-01-17,8,4,65.0,6,247,4,10,0
E012,Singapore,2026-01-18,11,4,98.2,5,249,5,119,0
E012,Singapore,2026-01-19,22,5,88.5,5,225,5,0,0
E012,Singapore,2026-01-20,21,4,90.0,4,212,4,0,0
E012,Singapore,2026-01-21,21,3,115.0,2,144,3,0,0
E012,Singapore,2026-01-22,25,6,124.2,5,207,2,0,0
E012,Singapore,2026-01-23,29,13,100.3,7,285,5,0,1
E012,Singapore,2026-01-24,11,4,89.5,3,159,8,18,0
E012,Singapore,2026-01-25,11,3,94.5,6,274,9,100,0
E012,Singapore,2026-01-26,26,6,127.4,6,292,6,0,0
E012,Singapore,2026-01-27,22,4,120.3,4,254,2,0,0
E012,Singapore,2026-01-28,33,8,113.2,5,263,9,0,0
E012,Singapore,2026-01-29,37,12,124.8,8,356,7,0,0
E012,Singapore,2026-01-30,12,3,84.7,5,223,6,0,0
E012,Singapore,2026-01-31,17,5,101.1,7,316,7,55,0
E012,Singapore,2026-02-01,13,4,125.0,8,297,7,3,0
E012,Singapore,2026-02-02,27,6,84.3,3,230,6,0,0
E012,Singapore,2026-02-03,23,5,99.3,2,196,5,0,0
E012,Singapore,2026-02-04,20,6,81.7,5,216,7,0,0
E013,United Kingdom,2026-01-01,20,4,77.0,2,132,8,0,0
E013,United Kingdom,2026-01-02,25,7,112.2,4,197,9,0,0
E013,United Kingdom,2026-01-03,11,3,71.9,4,198,7,8,0
E013,United Kingdom,2026-01-04,9,4,69.2,6,196,8,38,0
E013,United Kingdom,2026-01-05,20,5,112.4,5,279,7,0,0
E013,United Kingdom,2026-01-06,18,3,109.9,6,288,10,0,0
E013,United Kingdom,2026-01-07,18,4,57.3,5,219,7,0,0
E013,United Kingdom,2026-01-08,23,4,164.4,9,385,3,0,0
E013,United Kingdom,2026-01-09,21,4,39.9,3,206,5,0,0
E013,United Kingdom,2026-01-10,6,1,59.9,2,148,4,13,0
E013,United Kingdom,2026-01-11,15,3,74.8,3,222,10,53,0
E013,United Kingdom,2026-01-12,20,4,143.7,5,227,7,0,0
E013,United Kingdom,2026-01-13,23,3,94.7,5,214,10,0,0
E013,United Kingdom,2026-01-14,18,1,85.3,3,206,8,0,0
E013,United Kingdom,2026-01-15,13,1,59.4,2,105,4,0,0
E013,United Kingdom,2026-01-16,14,3,119.7,4,200,6,0,0
E013,United Kingdom,2026-01-17,14,3,97.3,4,204,5,5,0
E013,United Kingdom,2026-01-18,5,1,94.4,1,137,9,74,0
E013,United Kingdom,2026-01-19,15,2,76.2,3,182,4,0,0
E013,United Kingdom,2026-01-20,21,5,93.4,3,202,8,0,0
E013,United Kingdom,2026-01-21,15,4,80.1,2,180,8,0,0
E013,United Kingdom,2026-01-22,12,3,52.2,4,164,9,0,0
E013,United Kingdom,2026-01-23,17,5,113.6,4,222,5,0,0
E013,United Kingdom,2026-01-24,10,2,81.5,3,188,5,27,0
E013,United Kingdom,2026-01-25,7,3,114.9,5,233,6,18,0
E013,United Kingdom,2026-01-26,19,1,79.6,3,119,7,0,0
E013,United Kingdom,2026-01-27,18,1,103.7,4,220,7,0,0
E013,United Kingdom,2026-01-28,22,3,57.6,4,239,9,0,0
E013,United Kingdom,2026-01-29,21,6,91.8,8,272,6,0,0
E013,United Kingdom,2026-01-30,17,4,111.8,2,196,5,0,0
E013,United Kingdom,2026-01-31,12,4,68.7,4,155,8,20,0
E013,United Kingdom,2026-02-01,5,2,71.5,2,181,8,13,0
E013,United Kingdom,2026-02-02,19,4,88.1,5,259,10,0,0
E013,United Kingdom,2026-02-03,22,3,89.6,2,103,4,0,0
E013,United Kingdom,2026-02-04,20,4,86.0,3,191,7,0,0
E014,India,2026-01-01,21,5,67.2,5,221,8,0,0
E014,India,2026-01-02,20,2,111.2,3,142,8,0,0
E014,India,2026-01-03,12,6,92.3,7,247,4,37,0
E014,India,2026-01-04,9,2,88.9,6,201,7,50,0
E014,India,2026-01-05,18,5,59.8,0,141,9,0,0
E014,India,2026-01-06,20,3,71.4,0,176,10,0,0
E014,India,2026-01-07,26,6,98.9,2,155,7,0,0
E014,India,2026-01-08,19,2,62.5,7,213,10,0,0
E014,India,2026-01-09,18,4,99.8,5,172,5,0,0
E014,India,2026-01-10,11,3,74.6,2,69,7,33,0
E014,India,2026-01-11,11,4,89.0,6,234,11,3,0
E014,India,2026-01-12,24,7,109.6,6,225,8,0,0
E014,India,2026-01-13,26,7,94.3,4,236,9,0,0
E014,India,2026-01-14,13,2,75.4,2,204,9,0,0
E014,India,2026-01-15,16,5,77.3,3,122,4,0,0
E014,India,2026-01-16,33,11,115.1,6,236,7,0,0
E014,India,2026-01-17,14,4,60.8,6,220,7,24,0
E014,India,2026-01-18,10,3,115.0,4,248,7,8,0
E014,India,2026-01-19,26,6,83.2,4,198,6,0,0
E014,India,2026-01-20,21,3,66.6,4,180,12,0,0
E014,India,2026-01-21,19,4,107.4,6,239,7,0,0
E014,India,2026-01-22,21,5,123.7,5,214,9,0,0
E014,India,2026-01-23,19,3,93.7,1,65,7,0,0
E014,India,2026-01-24,11,4,110.6,4,226,9,21,0
E014,India,2026-01-25,7,2,66.1,2,134,7,17,0
E014,India,2026-01-26,20,3,83.3,5,216,7,0,0
E014,India,2026-01-27,20,5,87.0,3,202,9,0,0
E014,India,2026-01-28,25,2,85.1,4,158,10,0,0
E014,India,2026-01-29,19,5,87.2,3,173,2,0,0
E014,India,2026-01-30,12,2,49.3,4,138,10,0,0
E014,India,2026-01-31,13,5,136.7,2,244,11,5,0
E014,India,2026-02-01,14,4,95.3,5,265,6,2,0
E014,India,2026-02-02,27,7,128.3,4,245,5,0,0
E014,India,2026-02-03,23,6,77.7,6,286,11,0,0
E014,India,2026-02-04,12,3,77.9,6,228,8,0,0
E015,India,2026-01-01,19,3,73.7,3,213,7,0,0
E015,India,2026-01-02,10,2,71.8,0,71,8,0,0
E015,India,2026-01-03,9,2,81.8,2,149,5,48,0
E015,India,2026-01-04,3,1,46.4,4,123,7,9,0
E015,India,2026-01-05,15,3,89.0,1,127,4,0,0
E015,India,2026-01-06,15,2,107.4,3,149,6,0,0
E015,India,2026-01-07,20,5,111.4,1,103,9,0,0
E015,India,2026-01-08,14,4,106.1,5,185,8,0,0
E015,India,2026-01-09,19,6,120.2,3,237,7,0,0
E015,India,2026-01-10,7,2,127.8,3,156,4,11,0
E015,India,2026-01-11,12,4,85.9,4,203,9,15,0
E015,India,2026-01-12,15,4,132.2,3,234,6,0,0
E015,India,2026-01-13,12,3,83.8,5,181,9,0,0
E015,India,2026-01-14,24,5,110.5,2,163,9,0,0
E015,India,2026-01-15,22,7,75.1,4,145,7,0,0
E015,India,2026-01-16,20,3,99.0,6,210,6,0,0
E015,India,2026-01-17,8,2,92.1,5,153,8,26,0
E015,India,2026-01-18,9,4,79.2,3,106,9,10,0
E015,India,2026-01-19,17,4,76.6,4,174,5,0,0
E015,India,2026-01-20,14,4,90.1,2,177,8,0,0
E015,India,2026-01-21,7,1,57.3,2,72,7,0,0
E015,India,2026-01-22,21,5,76.4,2,155,9,0,0
E015,India,2026-01-23,11,2,98.7,5,151,4,0,0
E015,India,2026-01-24,9,3,83.3,3,197,11,71,0
E015,India,2026-01-25,13,4,126.0,2,207,7,11,0
E015,India,2026-01-26,19,6,103.0,3,165,4,0,0
E015,India,2026-01-27,14,2,95.5,5,236,7,0,0
E015,India,2026-01-28,15,3,100.0,2,197,8,0,0
E015,India,2026-01-29,11,3,93.5,4,159,5,0,0
E015,India,2026-01-30,14,3,66.0,4,200,10,0,0
E015,India,2026-01-31,8,2,94.5,5,172,9,34,0
E015,India,2026-02-01,8,3,96.7,3,150,8,9,0
E015,India,2026-02-02,20,7,106.8,4,221,6,0,0
E015,India,2026-02-03,24,3,117.7,3,128,7,0,0
E015,India,2026-02-04,13,3,86.3,2,217,5,0,0
E016,India,2026-01-01,30,9,110.3,3,176,4,0,0
E016,India,2026-01-02,15,3,99.3,1,120,4,0,0
E016,India,2026-01-03,11,3,111.5,5,171,3,15,0
E016,India,2026-01-04,8,3,114.5,3,196,10,4,0
E016,India,2026-01-05,7,2,88.2,2,111,4,0,0
E016,India,2026-01-06,14,4,90.4,1,74,0,0,0
E016,India,2026-01-07,18,4,108.7,2,140,9,0,0
E016,India,2026-01-08,15,3,75.8,0,104,8,0,0
E016,India,2026-01-09,10,2,34.3,0,27,6,0,0
E016,India,2026-01-10,9,2,91.2,2,187,5,22,0
E016,India,2026-01-11,9,3,89.5,2,120,4,119,0
E016,India,2026-01-12,13,2,116.9,1,115,6,0,0
E016,India,2026-01-13,12,3,87.0,3,101,8,0,0
E016,India,2026-01-14,10,2,94.7,5,171,7,0,0
E016,India,2026-01-15,12,3,88.0,1,93,7,0,0
E016,India,2026-01-16,18,3,83.8,3,133,3,0,0
E016,India,2026-01-17,8,2,103.8,5,178,7,39,0
E016,India,2026-01-18,13,5,133.8,2,156,6,21,0
E016,India,2026-01-19,17,6,100.6,4,184,6,0,0
E016,India,2026-01-20,14,2,95.3,2,116,6,0,0
E016,India,2026-01-21,12,1,56.0,3,139,6,0,0
E016,India,2026-01-22,23,5,103.4,3,159,6,0,0
E016,India,2026-01-23,15,3,85.7,1,156,7,0,0
E016,India,2026-01-24,6,2,95.2,4,131,4,47,0
E016,India,2026-01-25,7,2,117.0,0,29,5,67,0
E016,India,2026-01-26,18,5,131.2,1,193,5,0,0
E016,India,2026-01-27,11,1,58.3,3,150,7,0,0
E016,India,2026-01-28,15,3,73.5,3,153,7,0,0
E016,India,2026-01-29,16,5,100.9,4,160,5,0,0
E016,India,2026-01-30,16,3,110.5,2,142,6,0,0
E016,India,2026-01-31,12,4,75.2,4,151,3,45,0
E016,India,2026-02-01,7,3,108.3,1,128,5,11,0
E016,India,2026-02-02,17,2,120.2,3,188,11,0,0
E016,India,2026-02-03,17,4,119.6,4,160,5,0,0
E016,India,2026-02-04,11,2,57.9,2,104,6,0,0
E017,India,2026-01-01,28,7,107.0,8,307,8,0,0
E017,India,2026-01-02,14,3,80.0,5,196,7,0,0
E017,India,2026-01-03,13,4,101.6,5,213,5,71,0
E017,India,2026-01-04,16,5,88.5,4,264,6,15,0
E017,India,2026-01-05,23,5,100.0,5,220,7,0,0
E017,India,2026-01-06,26,8,100.5,3,191,9,0,0
E017,India,2026-01-07,25,7,97.6,2,155,8,0,0
E017,India,2026-01-08,18,6,111.3,7,278,7,0,0
E017,India,2026-01-09,19,6,140.5,4,249,11,0,0
E017,India,2026-01-10,17,8,138.4,5,254,7,47,0
E017,India,2026-01-11,14,8,130.2,5,221,8,22,0
E017,India,2026-01-12,21,5,119.0,4,156,7,0,0
E017,India,2026-01-13,24,6,138.0,5,251,5,0,0
E017,India,2026-01-14,19,3,127.4,5,301,5,0,0
E017,India,2026-01-15,29,12,140.3,3,297,10,0,1
E017,India,2026-01-16,22,8,163.8,5,250,6,0,0
E017,India,2026-01-17,13,3,102.8,4,200,7,168,0
E017,India,2026-01-18,12,6,134.1,3,234,3,106,0
E017,India,2026-01-19,17,5,124.1,5,254,8,0,0
E017,India,2026-01-20,25,7,98.7,5,223,1,0,0
E017,India,2026-01-21,20,6,102.4,2,176,7,0,0
E017,India,2026-01-22,32,9,112.9,6,237,5,0,0
E017,India,2026-01-23,21,5,79.5,4,147,9,0,0
E017,India,2026-01-24,11,5,122.9,2,193,5,60,0
E017,India,2026-01-25,11,4,94.5,3,153,8,34,0
E017,India,2026-01-26,27,6,87.3,4,198,5,0,0
E017,India,2026-01-27,23,5,122.2,5,233,10,0,0
E017,India,2026-01-28,24,9,165.0,5,247,7,0,0
E017,India,2026-01-29,25,7,137.0,6,279,7,0,0
E017,India,2026-01-30,19,5,107.9,2,148,8,0,0
E017,India,2026-01-31,7,3,122.4,6,239,6,90,0
E017,India,2026-02-01,12,4,79.5,4,200,7,158,0
E017,India,2026-02-02,20,6,102.2,3,203,6,0,0
E017,India,2026-02-03,24,8,110.1,5,224,7,0,0
E017,India,2026-02-04,17,6,108.8,4,241,6,0,0
E018,United States,2026-01-01,21,3,69.0,6,243,8,0,0
E018,United States,2026-01-02,16,3,44.3,8,362,8,0,0
E018,United States,2026-01-03,12,4,69.2,6,319,6,18,0
E018,United States,2026-01-04,10,3,76.3,3,271,7,5,0
E018,United States,2026-01-05,23,5,74.8,4,248,7,0,0
E018,United States,2026-01-06,14,2,74.5,2,169,7,0,0
E018,United States,2026-01-07,23,3,72.7,7,288,9,0,0
E018,United States,2026-01-08,31,6,90.4,5,221,7,0,0
E018,United States,2026-01-09,20,7,57.1,4,193,6,0,0
E018,United States,2026-01-10,13,3,84.0,7,253,8,36,0
E018,United States,2026-01-11,14,4,133.3,7,306,8,81,0
E018,United States,2026-01-12,22,3,63.1,2,177,5,0,0
E018,United States,2026-01-13,13,3,106.6,2,184,7,0,0
E018,United States,2026-01-14,20,2,73.4,7,280,10,0,0
E018,United States,2026-01-15,28,4,109.6,8,395,6,0,0
E018,United States,2026-01-16,23,6,81.5,6,228,9,0,0
E018,United States,2026-01-17,12,2,73.6,7,256,6,75,0
E018,United States,2026-01-18,12,3,83.1,4,275,7,23,0
E018,United States,2026-01-19,23,3,93.1,3,191,9,0,0
E018,United States,2026-01-20,19,3,81.8,4,221,6,0,0
E018,United States,2026-01-21,28,5,61.6,7,304,8,0,0
E018,United States,2026-01-22,19,3,68.6,6,306,10,0,0
E018,United States,2026-01-23,17,2,97.5,4,229,4,0,0
E018,United States,2026-01-24,12,2,76.9,4,179,10,3,0
E018,United States,2026-01-25,8,2,64.9,4,196,3,6,0
E018,United States,2026-01-26,18,3,72.9,5,292,10,0,0
E018,United States,2026-01-27,25,5,99.7,5,275,12,0,0
E018,United States,2026-01-28,32,4,62.9,8,288,4,0,0
E018,United States,2026-01-29,16,1,74.3,5,234,10,0,0
E018,United States,2026-01-30,34,4,88.5,4,290,8,0,0
E018,United States,2026-01-31,13,4,107.1,4,278,11,16,0
E018,United States,2026-02-01,9,2,86.0,3,213,6,19,0
E018,United States,2026-02-02,34,5,90.7,7,287,5,0,0
E018,United States,2026-02-03,16,3,60.7,5,207,11,0,0
E018,United States,2026-02-04,18,4,74.4,4,266,8,0,0
E019,United States,2026-01-01,8,2,99.4,7,271,8,0,0
E019,United States,2026-01-02,17,3,56.5,2,177,5,0,0
E019,United States,2026-01-03,7,2,100.6,5,210,4,38,0
E019,United States,2026-01-04,7,3,97.7,4,212,6,29,0
E019,United States,2026-01-05,13,1,105.8,3,111,2,0,0
E019,United States,2026-01-06,14,2,106.8,1,197,6,0,0
E019,United States,2026-01-07,5,1,92.7,4,199,4,0,0
E019,United States,2026-01-08,10,2,91.3,1,89,5,0,0
E019,United States,2026-01-09,16,4,75.7,3,190,6,0,0
E019,United States,2026-01-10,0,0,41.8,0,81,5,5,0
E019,United States,2026-01-11,6,2,81.6,4,150,11,9,0
E019,United States,2026-01-12,10,2,66.6,4,103,9,0,0
E019,United States,2026-01-13,8,1,53.6,0,101,5,0,0
E019,United States,2026-01-14,15,4,89.9,4,155,7,0,0
E019,United States,2026-01-15,10,2,82.1,3,175,3,0,0
E019,United States,2026-01-16,11,1,46.6,5,153,3,0,0
E019,United States,2026-01-17,7,2,86.6,3,182,5,25,0
E019,United States,2026-01-18,7,2,99.7,3,159,2,32,0
E019,United States,2026-01-19,18,0,65.8,4,185,5,0,0
E019,United States,2026-01-20,10,2,107.0,3,118,6,0,0
E019,United States,2026-01-21,18,4,94.2,4,155,3,0,0
E019,United States,2026-01-22,14,2,102.6,3,163,0,0,0
E019,United States,2026-01-23,14,4,122.4,5,170,5,0,0
E019,United States,2026-01-24,9,3,99.2,1,130,8,14,0
E019,United States,2026-01-25,9,3,83.1,1,164,4,13,0
E019,United States,2026-01-26,16,6,77.2,5,263,2,0,1
E019,United States,2026-01-27,17,3,63.1,3,172,3,0,0
E019,United States,2026-01-28,21,3,103.2,1,140,2,0,0
E019,United States,2026-01-29,11,2,108.8,2,166,4,0,0
E019,United States,2026-01-30,16,2,70.6,3,137,5,0,0
E019,United States,2026-01-31,6,2,58.8,4,178,5,9,0
E019,United States,2026-02-01,10,3,87.3,3,149,6,21,0
E019,United States,2026-02-02,6,1,73.9,5,159,4,0,0
E019,United States,2026-02-03,11,2,62.8,2,134,7,0,0
E019,United States,2026-02-04,11,2,66.4,5,174,6,0,0
E020,India,2026-01-01,27,5,138.6,3,214,5,0,0
E020,India,2026-01-02,12,1,70.0,4,132,6,0,0
E020,India,2026-01-03,8,2,137.6,0,120,6,15,0
E020,India,2026-01-04,5,2,86.7,2,142,3,14,0
E020,India,2026-01-05,15,3,64.1,5,112,2,0,0
E020,India,2026-01-06,28,6,110.7,3,169,6,0,0
E020,India,2026-01-07,15,3,121.8,3,171,0,0,0
E020,India,2026-01-08,17,2,81.3,1,124,6,0,0
E020,India,2026-01-09,14,5,80.6,2,112,7,0,0
E020,India,2026-01-10,6,2,91.0,0,116,7,48,0
E020,India,2026-01-11,9,2,93.3,2,189,7,16,0
E020,India,2026-01-12,7,1,79.7,1,115,9,0,0
E020,India,2026-01-13,11,1,59.5,2,34,8,0,0
E020,India,2026-01-14,8,1,79.3,2,104,3,0,0
E020,India,2026-01-15,8,2,121.9,0,115,9,0,0
E020,India,2026-01-16,11,3,98.1,0,111,6,0,0
E020,India,2026-01-17,4,1,71.1,2,93,2,64,0
E020,India,2026-01-18,8,1,88.3,4,132,5,63,0
E020,India,2026-01-19,14,3,124.3,1,97,7,0,0
E020,India,2026-01-20,13,2,97.1,4,140,7,0,0
E020,India,2026-01-21,20,5,83.1,5,219,7,0,0
E020,India,2026-01-22,11,3,124.4,1,103,4,0,0
E020,India,2026-01-23,14,4,116.5,1,117,9,0,0
E020,India,2026-01-24,8,4,117.5,4,208,6,59,0
E020,India,2026-01-25,8,3,91.7,3,158,7,54,0
E020,India,2026-01-26,18,8,115.8,1,141,8,0,0
E020,India,2026-01-27,18,4,136.2,4,180,5,0,0
E020,India,2026-01-28,15,3,56.8,3,120,6,0,0
E020,India,2026-01-29,16,3,90.8,4,203,9,0,0
E020,India,2026-01-30,8,2,110.9,5,204,3,0,0
E020,India,2026-01-31,12,3,109.4,1,102,8,14,0
E020,India,2026-02-01,9,2,100.9,0,106,5,40,0
E020,India,2026-02-02,14,3,83.7,3,122,5,0,0
E020,India,2026-02-03,16,3,88.7,4,196,6,0,0
E020,India,2026-02-04,13,3,85.2,1,124,10,0,0
E021,Canada,2026-01-01,7,1,89.1,4,171,11,0,0
E021,Canada,2026-01-02,19,4,105.2,1,112,5,0,0
E021,Canada,2026-01-03,12,4,143.4,5,193,6,49,0
E021,Canada,2026-01-04,6,2,83.0,2,144,6,11,0
E021,Canada,2026-01-05,18,4,135.0,5,166,9,0,0
E021,Canada,2026-01-06,13,2,100.1,3,181,6,0,0
E021,Canada,2026-01-07,21,2,78.1,2,106,5,0,0
E021,Canada,2026-01-08,18,2,130.0,4,143,7,0,0
E021,Canada,2026-01-09,12,1,72.0,2,167,8,0,0
E021,Canada,2026-01-10,10,2,101.9,2,121,9,83,0
E021,Canada,2026-01-11,9,2,89.5,1,139,3,28,0
E021,Canada,2026-01-12,15,2,95.9,4,168,6,0,0
E021,Canada,2026-01-13,16,2,66.3,3,225,8,0,0
E021,Canada,2026-01-14,14,1,92.4,2,174,6,0,0
E021,Canada,2026-01-15,16,3,116.6,4,246,6,0,0
E021,Canada,2026-01-16,18,3,96.7,2,166,6,0,0
E021,Canada,2026-01-17,7,2,38.4,3,172,6,13,0
E021,Canada,2026-01-18,10,3,111.4,5,210,2,2,0
E021,Canada,2026-01-19,8,2,106.1,1,109,3,0,0
E021,Canada,2026-01-20,22,5,122.9,3,206,5,0,0
E021,Canada,2026-01-21,11,2,63.6,1,136,9,0,0
E021,Canada,2026-01-22,18,3,58.9,3,186,8,0,0
E021,Canada,2026-01-23,13,2,65.6,4,145,4,0,0
E021,Canada,2026-01-24,6,2,78.7,6,224,7,46,0
E021,Canada,2026-01-25,4,0,89.1,0,108,5,51,0
E021,Canada,2026-01-26,15,3,85.6,5,225,5,0,0
E021,Canada,2026-01-27,22,5,80.3,5,206,6,0,0
E021,Canada,2026-01-28,14,2,49.4,3,173,6,0,0
E021,Canada,2026-01-29,19,4,68.6,2,152,9,0,0
E021,Canada,2026-01-30,19,4,59.5,4,178,4,0,0
E021,Canada,2026-01-31,4,1,87.8,1,132,2,59,0
E021,Canada,2026-02-01,9,2,76.4,4,152,9,12,0
E021,Canada,2026-02-02,21,3,104.3,6,211,5,0,0
E021,Canada,2026-02-03,18,3,84.9,3,230,6,0,0
E021,Canada,2026-02-04,13,2,69.4,3,175,6,0,0
E022,India,2026-01-01,19,7,80.4,4,210,8,0,0
E022,India,2026-01-02,15,5,129.0,1,152,5,0,0
E022,India,2026-01-03,8,2,129.2,2,205,6,19,0
E022,India,2026-01-04,9,3,94.9,4,147,9,29,0
E022,India,2026-01-05,18,6,99.2,0,111,7,0,0
E022,India,2026-01-06,19,3,78.3,6,219,5,0,0
E022,India,2026-01-07,14,3,85.5,1,128,5,0,0
E022,India,2026-01-08,17,4,88.6,3,176,8,0,0
E022,India,2026-01-09,18,3,83.2,3,136,8,0,0
E022,India,2026-01-10,12,3,82.8,3,112,3,22,0
E022,India,2026-01-11,7,2,56.3,2,144,8,43,0
E022,India,2026-01-12,17,4,97.9,2,139,8,0,0
E022,India,2026-01-13,18,6,85.5,3,175,4,0,0
E022,India,2026-01-14,11,4,101.3,3,121,4,0,0
E022,India,2026-01-15,8,1,80.8,2,138,9,0,0
E022,India,2026-01-16,22,7,142.7,6,246,8,0,0
E022,India,2026-01-17,3,1,67.8,1,140,6,11,0
E022,India,2026-01-18,11,3,96.5,5,204,9,7,0
E022,India,2026-01-19,36,8,138.5,2,190,8,0,0
E022,India,2026-01-20,22,7,83.2,4,173,3,0,0
E022,India,2026-01-21,9,2,125.9,4,184,10,0,0
E022,India,2026-01-22,11,2,89.5,1,69,7,0,0
E022,India,2026-01-23,12,2,108.0,4,160,7,0,0
E022,India,2026-01-24,8,2,93.0,3,196,3,69,0
E022,India,2026-01-25,6,1,80.5,4,181,7,9,0
E022,India,2026-01-26,11,4,116.7,5,177,6,0,0
E022,India,2026-01-27,25,6,140.7,5,197,7,0,0
E022,India,2026-01-28,16,5,116.2,5,271,5,0,0
E022,India,2026-01-29,12,1,75.8,3,129,10,0,0
E022,India,2026-01-30,17,3,92.6,3,136,10,0,0
E022,India,2026-01-31,9,4,54.4,2,131,4,29,0
E022,India,2026-02-01,7,3,74.4,4,176,8,49,0
E022,India,2026-02-02,22,6,92.5,8,243,1,0,0
E022,India,2026-02-03,16,4,87.1,5,182,3,0,0
E022,India,2026-02-04,15,3,87.8,2,162,7,0,0
E023,India,2026-01-01,17,4,98.6,3,111,4,0,0
E023,India,2026-01-02,26,9,156.1,6,255,3,0,0
E023,India,2026-01-03,8,4,135.0,4,189,4,36,0
E023,India,2026-01-04,10,4,111.4,2,162,5,83,0
E023,India,2026-01-05,33,12,148.0,5,254,5,0,0
E023,India,2026-01-06,18,5,111.1,4,174,2,0,0
E023,India,2026-01-07,13,4,84.1,1,149,5,0,0
E023,India,2026-01-08,18,5,129.5,1,131,6,0,0
E023,India,2026-01-09,17,5,78.8,6,212,3,0,0
E023,India,2026-01-10,12,5,131.6,5,230,8,20,0
E023,India,2026-01-11,9,4,127.6,6,225,5,9,0
E023,India,2026-01-12,20,3,126.0,4,97,5,0,0
E023,India,2026-01-13,16,3,83.9,1,97,2,0,0
E023,India,2026-01-14,21,5,98.5,3,117,6,0,0
E023,India,2026-01-15,22,6,116.8,0,87,9,0,0
E023,India,2026-01-16,24,10,133.2,4,208,0,0,0
E023,India,2026-01-17,11,5,132.1,4,243,0,13,0
E023,India,2026-01-18,14,6,132.0,2,148,1,7,0
E023,India,2026-01-19,17,5,136.7,4,155,6,0,0
E023,India,2026-01-20,21,7,108.5,6,213,2,0,0
E023,India,2026-01-21,16,5,91.5,2,121,3,0,0
E023,India,2026-01-22,11,3,74.8,0,111,0,0,0
E023,India,2026-01-23,15,3,110.7,3,105,1,0,0
E023,India,2026-01-24,5,2,104.0,3,190,5,13,0
E023,India,2026-01-25,4,1,69.2,3,157,6,47,0
E023,India,2026-01-26,17,3,119.7,1,127,4,0,0
E023,India,2026-01-27,28,11,191.5,6,190,4,0,0
E023,India,2026-01-28,19,7,151.6,2,183,1,0,0
E023,India,2026-01-29,15,3,111.0,3,182,5,0,0
E023,India,2026-01-30,17,7,97.5,3,180,3,0,0
E023,India,2026-01-31,9,3,110.4,3,129,3,14,0
E023,India,2026-02-01,11,4,128.2,4,164,2,28,0
E023,India,2026-02-02,17,3,130.9,4,132,2,0,0
E023,India,2026-02-03,26,10,180.7,4,251,0,0,0
E023,India,2026-02-04,10,3,86.1,1,138,5,0,0
E024,United States,2026-01-01,21,5,70.8,5,240,6,0,0
E024,United States,2026-01-02,24,4,61.9,5,205,6,0,0
E024,United States,2026-01-03,9,4,69.6,3,194,5,48,0
E024,United States,2026-01-04,9,2,89.2,5,249,7,43,0
E024,United States,2026-01-05,19,3,67.4,3,193,5,0,0
E024,United States,2026-01-06,20,6,112.1,5,296,9,0,0
E024,United States,2026-01-07,14,3,61.1,3,221,4,0,0
E024,United States,2026-01-08,14,1,90.9,5,191,9,0,0
E024,United States,2026-01-09,17,2,61.5,3,183,7,0,0
E024,United States,2026-01-10,13,5,103.6,5,223,10,55,0
E024,United States,2026-01-11,14,4,104.4,6,264,10,29,0
E024,United States,2026-01-12,26,5,121.2,9,330,7,0,0
E024,United States,2026-01-13,18,3,77.0,2,172,9,0,0
E024,United States,2026-01-14,15,3,83.2,2,129,8,0,0
E024,United States,2026-01-15,18,4,74.3,1,177,4,0,0
E024,United States,2026-01-16,24,5,103.7,2,256,6,0,0
E024,United States,2026-01-17,13,4,103.8,4,301,5,2,0
E024,United States,2026-01-18,11,5,101.8,7,254,8,24,0
E024,United States,2026-01-19,10,1,58.0,1,180,7,0,0
E024,United States,2026-01-20,22,5,82.7,4,272,13,0,0
E024,United States,2026-01-21,12,2,75.9,2,179,9,0,0
E024,United States,2026-01-22,17,2,65.6,1,147,10,0,0
E024,United States,2026-01-23,20,3,90.5,6,247,6,0,0
E024,United States,2026-01-24,9,3,77.5,2,142,3,13,0
E024,United States,2026-01-25,11,2,72.3,2,75,8,41,0
E024,United States,2026-01-26,14,1,69.2,4,148,4,0,0
E024,United States,2026-01-27,15,1,37.0,2,132,11,0,0
E024,United States,2026-01-28,21,5,92.1,3,181,3,0,0
E024,United States,2026-01-29,19,2,64.3,4,226,8,0,0
E024,United States,2026-01-30,19,6,74.4,2,219,6,0,0
E024,United States,2026-01-31,17,7,114.0,5,260,9,31,0
E024,United States,2026-02-01,14,4,142.7,6,217,4,18,0
E024,United States,2026-02-02,21,7,71.0,3,267,11,0,0
E024,United States,2026-02-03,15,3,86.0,5,174,6,0,0
E024,United States,2026-02-04,16,3,78.4,4,271,6,0,0
E025,United States,2026-01-01,15,2,77.7,0,99,8,0,0
E025,United States,2026-01-02,21,5,90.1,7,238,5,0,0
E025,United States,2026-01-03,17,7,116.4,7,324,6,14,1
E025,United States,2026-01-04,6,2,128.9,3,128,5,24,0
E025,United States,2026-01-05,16,4,87.0,3,169,4,0,0
E025,United States,2026-01-06,19,5,115.8,4,268,8,0,0
E025,United States,2026-01-07,16,2,82.0,2,164,4,0,0
E025,United States,2026-01-08,17,3,59.1,2,133,7,0,0
E025,United States,2026-01-09,7,1,27.9,0,119,4,0,0
E025,United States,2026-01-10,8,3,86.7,5,243,7,49,0
E025,United States,2026-01-11,6,2,116.5,6,218,6,21,0
E025,United States,2026-01-12,19,2,89.8,3,152,5,0,0
E025,United States,2026-01-13,11,2,51.3,4,126,5,0,0
E025,United States,2026-01-14,21,7,72.7,4,230,4,0,0
E025,United States,2026-01-15,15,3,119.1,6,241,3,0,0
E025,United States,2026-01-16,12,2,82.3,6,188,7,0,0
E025,United States,2026-01-17,6,2,79.1,4,188,7,54,0
E025,United States,2026-01-18,6,2,86.2,8,220,7,79,0
E025,United States,2026-01-19,10,2,78.1,5,170,2,0,0
E025,United States,2026-01-20,19,2,135.4,5,211,8,0,0
E025,United States,2026-01-21,12,2,61.4,3,160,4,0,0
E025,United States,2026-01-22,19,2,96.0,3,203,6,0,0
E025,United States,2026-01-23,8,1,49.0,3,130,3,0,0
E025,United States,2026-01-24,9,3,55.5,5,207,8,17,0
E025,United States,2026-01-25,7,2,65.8,3,212,4,12,0
E025,United States,2026-01-26,14,2,65.2,3,180,11,0,0
E025,United States,2026-01-27,9,1,86.7,4,147,3,0,0
E025,United States,2026-01-28,21,5,54.9,6,218,10,0,0
E025,United States,2026-01-29,21,3,69.7,3,157,9,0,0
E025,United States,2026-01-30,23,4,74.7,3,190,4,0,0
E025,United States,2026-01-31,8,2,105.1,1,75,8,30,0
E025,United States,2026-02-01,8,2,47.6,3,159,6,57,0
E025,United States,2026-02-02,19,2,115.5,4,144,6,0,0
E025,United States,2026-02-03,10,1,58.7,4,234,9,0,0
E025,United States,2026-02-04,13,2,74.2,1,188,7,0,0
E026,United Kingdom,2026-01-01,35,12,143.9,10,370,6,0,0
E026,United Kingdom,2026-01-02,25,6,94.6,7,260,8,0,0
E026,United Kingdom,2026-01-03,8,3,102.5,6,295,4,22,1
E026,United Kingdom,2026-01-04,8,2,123.6,3,219,3,48,0
E026,United Kingdom,2026-01-05,17,3,78.6,2,185,6,0,0
E026,United Kingdom,2026-01-06,22,5,126.5,6,261,5,0,0
E026,United Kingdom,2026-01-07,36,8,101.8,6,313,4,0,0
E026,United Kingdom,2026-01-08,19,3,99.8,5,291,6,0,0
E026,United Kingdom,2026-01-09,20,5,79.1,5,251,7,0,0
E026,United Kingdom,2026-01-10,14,6,149.6,8,395,2,80,1
E026,United Kingdom,2026-01-11,14,4,139.3,5,215,8,83,0
E026,United Kingdom,2026-01-12,16,3,104.8,7,286,4,0,0
E026,United Kingdom,2026-01-13,30,5,112.8,2,199,2,0,0
E026,United Kingdom,2026-01-14,22,4,87.2,1,144,9,0,0
E026,United Kingdom,2026-01-15,21,3,148.6,6,313,4,0,0
E026,United Kingdom,2026-01-16,25,2,66.9,4,222,6,0,0
E026,United Kingdom,2026-01-17,13,3,99.0,7,218,7,27,0
E026,United Kingdom,2026-01-18,8,3,120.1,6,299,8,9,1
E026,United Kingdom,2026-01-19,23,4,108.1,5,253,4,0,0
E026,United Kingdom,2026-01-20,18,4,107.8,6,263,3,0,0
E026,United Kingdom,2026-01-21,24,9,121.5,7,267,1,0,1
E026,United Kingdom,2026-01-22,17,3,103.7,5,252,6,0,0
E026,United Kingdom,2026-01-23,24,7,87.4,4,216,6,0,0
E026,United Kingdom,2026-01-24,8,3,133.5,7,288,8,16,1
E026,United Kingdom,2026-01-25,11,5,102.7,6,273,3,11,1
E026,United Kingdom,2026-01-26,22,8,158.9,7,340,6,0,1
E026,United Kingdom,2026-01-27,27,6,84.6,7,289,6,0,0
E026,United Kingdom,2026-01-28,20,7,75.4,7,254,6,0,0
E026,United Kingdom,2026-01-29,28,8,149.8,4,318,5,0,0
E026,United Kingdom,2026-01-30,32,5,116.7,5,299,6,0,0
E026,United Kingdom,2026-01-31,9,2,111.6,7,239,9,100,0
E026,United Kingdom,2026-02-01,17,7,113.4,8,308,8,60,1
E026,United Kingdom,2026-02-02,27,4,112.2,5,244,5,0,0
E026,United Kingdom,2026-02-03,33,7,135.5,6,320,7,0,0
E026,United Kingdom,2026-02-04,17,3,128.8,5,262,9,0,0
E027,India,2026-01-01,29,6,87.6,3,180,7,0,0
E027,India,2026-01-02,15,3,123.6,4,253,6,0,0
E027,India,2026-01-03,12,3,124.6,2,156,8,72,0
E027,India,2026-01-04,12,3,135.3,7,242,15,19,0
E027,India,2026-01-05,17,4,86.8,4,208,6,0,0
E027,India,2026-01-06,19,3,86.2,2,214,12,0,0
E027,India,2026-01-07,26,5,100.6,2,133,6,0,0
E027,India,2026-01-08,21,4,93.1,5,164,9,0,0
E027,India,2026-01-09,21,4,95.0,4,230,8,0,0
E027,India,2026-01-10,14,5,112.6,5,251,8,43,0
E027,India,2026-01-11,13,4,81.1,1,169,8,76,0
E027,India,2026-01-12,25,4,132.4,3,149,7,0,0
E027,India,2026-01-13,19,4,116.4,6,200,12,0,0
E027,India,2026-01-14,21,5,100.7,5,271,10,0,0
E027,India,2026-01-15,29,11,137.2,8,303,8,0,1
E027,India,2026-01-16,15,4,90.5,4,167,5,0,0
E027,India,2026-01-17,9,2,66.3,3,212,9,16,0
E027,India,2026-01-18,12,3,88.5,3,199,10,44,0
E027,India,2026-01-19,28,5,70.9,6,260,9,0,0
E027,India,2026-01-20,26,9,106.3,7,310,6,0,0
E027,India,2026-01-21,25,5,100.2,6,260,7,0,0
E027,India,2026-01-22,23,5,116.6,2,152,8,0,0
E027,India,2026-01-23,20,4,41.2,5,172,6,0,0
E027,India,2026-01-24,6,2,65.1,6,172,11,0,0
E027,India,2026-01-25,12,4,60.3,3,187,11,52,0
E027,India,2026-01-26,18,5,88.2,2,163,7,0,0
E027,India,2026-01-27,21,5,100.9,6,224,12,0,0
E027,India,2026-01-28,16,3,108.4,5,161,10,0,0
E027,India,2026-01-29,20,6,94.1,5,157,10,0,0
E027,India,2026-01-30,22,4,82.2,4,229,7,0,0
E027,India,2026-01-31,13,5,94.1,5,230,11,26,0
E027,India,2026-02-01,9,3,86.0,1,155,11,39,0
E027,India,2026-02-02,15,3,50.7,2,100,7,0,0
E027,India,2026-02-03,26,5,93.7,3,176,9,0,0
E027,India,2026-02-04,25,6,84.0,6,238,6,0,0
E028,United States,2026-01-01,13,1,67.0,5,170,7,0,0
E028,United States,2026-01-02,12,1,76.7,4,208,7,0,0
E028,United States,2026-01-03,11,5,39.0,4,197,10,49,0
E028,United States,2026-01-04,7,2,82.5,6,228,5,72,0
E028,United States,2026-01-05,11,2,60.0,1,30,6,0,0
E028,United States,2026-01-06,18,5,75.7,4,157,11,0,0
E028,United States,2026-01-07,17,3,73.8,2,174,8,0,0
E028,United States,2026-01-08,14,1,47.1,4,168,5,0,0
E028,United States,2026-01-09,16,4,53.1,2,190,7,0,0
E028,United States,2026-01-10,8,3,81.0,6,189,6,2,0
E028,United States,2026-01-11,12,3,131.8,3,192,6,24,0
E028,United States,2026-01-12,16,2,45.7,2,175,6,0,0
E028,United States,2026-01-13,21,7,87.8,5,220,6,0,0
E028,United States,2026-01-14,16,4,65.5,3,218,3,0,0
E028,United States,2026-01-15,15,3,72.5,4,203,12,0,0
E028,United States,2026-01-16,16,5,83.7,5,183,8,0,0
E028,United States,2026-01-17,7,1,74.2,3,108,5,31,0
E028,United States,2026-01-18,8,2,66.1,4,174,6,81,0
E028,United States,2026-01-19,25,3,52.0,3,182,10,0,0
E028,United States,2026-01-20,24,5,100.7,4,232,6,0,0
E028,United States,2026-01-21,27,4,76.3,6,260,7,0,0
E028,United States,2026-01-22,16,3,71.2,2,116,7,0,0
E028,United States,2026-01-23,18,5,134.9,6,243,6,0,0
E028,United States,2026-01-24,5,1,45.5,4,188,8,37,0
E028,United States,2026-01-25,11,4,52.5,3,232,6,17,0
E028,United States,2026-01-26,23,1,69.4,5,163,10,0,0
E028,United States,2026-01-27,13,2,112.8,4,215,4,0,0
E028,United States,2026-01-28,19,5,95.0,5,240,8,0,0
E028,United States,2026-01-29,15,3,66.7,3,258,6,0,0
E028,United States,2026-01-30,20,4,90.9,4,199,5,0,0
E028,United States,2026-01-31,11,3,84.9,2,155,8,10,0
E028,United States,2026-02-01,6,2,72.1,2,115,6,8,0
E028,United States,2026-02-02,9,2,60.2,7,201,2,0,0
E028,United States,2026-02-03,26,6,65.6,3,173,8,0,0
E028,United States,2026-02-04,19,2,88.5,1,165,8,0,0
E029,United States,2026-01-01,9,1,59.6,2,194,5,0,0
E029,United States,2026-01-02,15,2,75.3,5,200,9,0,0
E029,United States,2026-01-03,9,2,87.1,2,184,7,12,0
E029,United States,2026-01-04,5,2,104.2,5,196,2,63,0
E029,United States,2026-01-05,17,4,60.4,5,260,8,0,0
E029,United States,2026-01-06,22,6,79.0,6,220,5,0,0
E029,United States,2026-01-07,14,2,65.5,5,184,5,0,0
E029,United States,2026-01-08,14,2,97.4,5,170,7,0,0
E029,United States,2026-01-09,19,3,97.8,4,240,0,0,0
E029,United States,2026-01-10,9,2,87.2,2,181,4,29,0
E029,United States,2026-01-11,7,2,58.0,5,133,5,49,0
E029,United States,2026-01-12,16,5,99.3,4,241,7,0,0
E029,United States,2026-01-13,15,3,83.2,3,192,10,0,0
E029,United States,2026-01-14,17,2,68.3,4,171,2,0,0
E029,United States,2026-01-15,22,4,55.8,3,171,12,0,0
E029,United States,2026-01-16,13,2,47.8,5,191,6,0,0
E029,United States,2026-01-17,9,2,110.8,4,131,1,66,0
E029,United States,2026-01-18,11,3,49.6,2,186,8,88,0
E029,United States,2026-01-19,17,3,76.8,2,195,10,0,0
E029,United States,2026-01-20,19,3,57.6,2,190,7,0,0
E029,United States,2026-01-21,20,3,103.6,5,199,8,0,0
E029,United States,2026-01-22,11,3,54.1,5,244,8,0,0
E029,United States,2026-01-23,24,5,89.8,4,139,6,0,0
E029,United States,2026-01-24,9,2,80.7,6,245,4,66,0
E029,United States,2026-01-25,13,4,99.0,5,220,7,4,0
E029,United States,2026-01-26,15,3,91.6,3,166,8,0,0
E029,United States,2026-01-27,14,2,92.4,3,123,8,0,0
E029,United States,2026-01-28,17,4,84.7,3,203,6,0,0
E029,United States,2026-01-29,28,6,87.6,5,243,10,0,0
E029,United States,2026-01-30,21,5,55.0,3,217,4,0,0
E029,United States,2026-01-31,15,5,107.8,4,168,2,34,0
E029,United States,2026-02-01,9,2,72.0,3,188,3,82,0
E029,United States,2026-02-02,26,5,87.8,5,290,2,0,0
E029,United States,2026-02-03,18,4,64.5,4,208,5,0,0
E029,United States,2026-02-04,21,5,62.2,3,238,6,0,0
E030,India,2026-01-01,20,6,96.3,3,200,7,0,0
E030,India,2026-01-02,11,2,112.5,1,54,4,0,0
E030,India,2026-01-03,14,5,135.7,3,185,5,4,0
E030,India,2026-01-04,13,4,99.1,6,230,7,46,0
E030,India,2026-01-05,11,2,86.5,3,141,7,0,0
E030,India,2026-01-06,29,6,141.0,7,246,8,0,0
E030,India,2026-01-07,14,4,118.3,4,241,5,0,0
E030,India,2026-01-08,24,6,64.8,3,80,7,0,0
E030,India,2026-01-09,13,4,89.7,2,159,9,0,0
E030,India,2026-01-10,9,4,87.3,1,91,5,23,0
E030,India,2026-01-11,8,2,111.3,5,191,6,5,0
E030,India,2026-01-12,13,2,95.1,4,190,6,0,0
E030,India,2026-01-13,14,3,113.7,4,206,7,0,0
E030,India,2026-01-14,25,4,86.3,4,172,4,0,0
E030,India,2026-01-15,18,4,120.2,3,122,5,0,0
E030,India,2026-01-16,11,3,79.3,1,129,7,0,0
E030,India,2026-01-17,7,2,113.3,4,168,2,27,0
E030,India,2026-01-18,9,3,73.0,1,102,5,32,0
E030,India,2026-01-19,13,0,66.3,1,121,8,0,0
E030,India,2026-01-20,16,3,78.8,2,153,8,0,0
E030,India,2026-01-21,21,5,98.7,4,139,7,0,0
E030,India,2026-01-22,19,4,103.3,2,206,10,0,0
E030,India,2026-01-23,17,3,99.5,5,151,6,0,0
E030,India,2026-01-24,10,3,107.8,0,101,6,24,0
E030,India,2026-01-25,9,3,108.4,3,131,7,2,0
E030,India,2026-01-26,18,5,116.3,2,175,12,0,0
E030,India,2026-01-27,13,3,65.8,2,125,6,0,0
E030,India,2026-01-28,20,4,116.3,5,164,6,0,0
E030,India,2026-01-29,13,2,139.0,0,119,8,0,0
E030,India,2026-01-30,12,2,72.7,2,129,7,0,0
E030,India,2026-01-31,5,1,86.1,4,152,7,33,0
E030,India,2026-02-01,9,2,93.3,2,153,4,44,0
E030,India,2026-02-02,18,2,44.2,5,173,7,0,0
E030,India,2026-02-03,11,1,70.3,2,79,3,0,0
E030,India,2026-02-04,18,4,86.2,2,212,8,0,0
